{"cameraMode":{"drawMode":0,"name":"Shaded","section":"Shading Mode"},"sceneLighting":true,"audioPlay":false,"sceneViewState":{"showFog":true,"showMaterialUpdate":true,"showSkybox":true,"showFlares":true,"showImageEffects":true,"showParticleSystems":true},"in2DMode":false,"pivot":{"x":13.893352508544922,"y":-5.720510482788086,"z":15.234673500061036},"rotation":{"x":-0.2224225550889969,"y":-0.0926646888256073,"z":0.021200453862547876,"w":-0.9704066514968872},"size":24.351253509521486,"orthographic":false}