{"cameraMode":{"drawMode":0,"name":"Shaded","section":"Shading Mode"},"sceneLighting":true,"audioPlay":false,"sceneViewState":{"showFog":true,"showMaterialUpdate":true,"showSkybox":true,"showFlares":true,"showImageEffects":true,"showParticleSystems":true},"in2DMode":false,"pivot":{"x":-36.851436614990237,"y":-124.5067367553711,"z":75.9349365234375},"rotation":{"x":-0.47527214884757998,"y":0.21919716894626618,"z":-0.1236686110496521,"w":-0.8431587219238281},"size":196.39920043945313,"orthographic":false}