{"cameraMode":{"drawMode":0,"name":"Shaded","section":"Shading Mode"},"sceneLighting":true,"audioPlay":false,"sceneViewState":{"showFog":true,"showMaterialUpdate":true,"showSkybox":true,"showFlares":true,"showImageEffects":true,"showParticleSystems":true},"in2DMode":false,"pivot":{"x":508.636474609375,"y":2.8970084190368654,"z":498.1412353515625},"rotation":{"x":0.02667814865708351,"y":0.03229383006691933,"z":0.000764599593821913,"w":-0.999210000038147},"size":4.957884311676025,"orthographic":false}