{"cameraMode":{"drawMode":0,"name":"Shaded","section":"Shading Mode"},"sceneLighting":false,"audioPlay":false,"sceneViewState":{"showFog":true,"showMaterialUpdate":true,"showSkybox":true,"showFlares":true,"showImageEffects":true,"showParticleSystems":true},"in2DMode":false,"pivot":{"x":46.68125534057617,"y":-4.0284199714660648,"z":-47.637916564941409},"rotation":{"x":0.03116406872868538,"y":0.9176316261291504,"z":-0.07338658720254898,"w":0.38949039578437807},"size":59.23739242553711,"orthographic":false}