{"cameraMode":{"drawMode":0,"name":"Shaded","section":"Shading Mode"},"sceneLighting":true,"audioPlay":false,"sceneViewState":{"showFog":true,"showMaterialUpdate":true,"showSkybox":true,"showFlares":true,"showImageEffects":true,"showParticleSystems":true},"in2DMode":false,"pivot":{"x":2.152771234512329,"y":-19.936363220214845,"z":289.51171875},"rotation":{"x":0.04230146110057831,"y":0.00269759027287364,"z":0.0000027186565603187775,"w":0.9991845488548279},"size":310.70147705078127,"orthographic":false}